{
    "total_planning_time": 14.321349620819092,
    "total_path_length": 72.47822998504077,
    "segment_planning_times": [
        2.04940128326416,
        0.0,
        2.0415613651275635,
        0.0,
        2.0398287773132324,
        2.0510504245758057,
        0.0,
        2.065657377243042,
        2.036546468734741,
        0.0,
        2.037303924560547
    ],
    "segment_lengths": [
        6.745762024763298,
        4.157666570740434,
        12.0372422593986,
        6.395658021415544,
        7.580849901088806,
        5.087784934924166,
        1.4574885653248904,
        5.454999776437029,
        7.897145015183755,
        4.027234045439208,
        11.636398870325039
    ],
    "fallback_count": 0,
    "energy_estimate": [
        7.288283750098545,
        4.157666570740434,
        18.612996245278588,
        6.395658021415544,
        9.819042490867226,
        5.539079092754992,
        1.4574885653248904,
        5.842944294880412,
        9.056985464689417,
        4.027234045439208,
        11.888804505224018
    ],
    "path_smoothness": [
        1.0850434506704936,
        0.0,
        13.151507971759976,
        0.0,
        4.476385179556841,
        0.9025883156616523,
        0.0,
        0.7758890368867652,
        2.3196808990113236,
        0.0,
        0.5048112697979589
    ],
    "shortest_possible_path_length": 53.665028943002646,
    "total_ground_truth_path_length": 53.665028943002646,
    "mission_duration": 162.24684190750122
}