{
    "total_planning_time": 10.238423109054565,
    "total_path_length": 58.8085881472165,
    "segment_planning_times": [
        0.0,
        2.0511302947998047,
        6.085575580596924,
        0.0,
        0.0,
        2.101717233657837
    ],
    "segment_lengths": [
        5.434507460842917,
        6.875086726916623,
        11.610715006230748,
        18.068855119355536,
        7.1552921197401576,
        9.664131714130512
    ],
    "fallback_count": 0,
    "energy_estimate": [
        5.434507460842917,
        11.009510340648674,
        13.242257126253982,
        18.068855119355536,
        7.1552921197401576,
        11.213137632418604
    ],
    "path_smoothness": [
        0.0,
        8.2688472274641,
        3.2630842400464655,
        0.0,
        0.0,
        3.0980118365761857
    ],
    "shortest_possible_path_length": 47.78324449622202,
    "total_ground_truth_path_length": 47.78324449622202,
    "mission_duration": 113.23489379882812
}