{
    "total_planning_time": 0.14941740036010742,
    "total_path_length": 85.22326210919695,
    "segment_planning_times": [
        0.006115913391113281,
        0.02805328369140625,
        0.048281192779541016,
        0.05015158653259277,
        0.004290103912353516,
        0.012525320053100586
    ],
    "segment_lengths": [
        5.434507460842917,
        15.982166337415189,
        26.538637851117358,
        18.12523219910446,
        7.1552921197401576,
        11.987426140976874
    ],
    "fallback_count": 0,
    "energy_estimate": [
        5.434507460842917,
        33.47258862010369,
        38.65836570840325,
        18.13527125804051,
        7.1552921197401576,
        31.27792409084912
    ],
    "path_smoothness": [
        0.0,
        34.98084456537701,
        24.239455714571793,
        0.020078117872102737,
        0.0,
        38.58099589974449
    ],
    "shortest_possible_path_length": 47.78324449622202,
    "total_ground_truth_path_length": 47.78324449622202
}