{
    "total_planning_time": 14.380366325378418,
    "total_path_length": 76.37482266446165,
    "segment_planning_times": [
        2.0309536457061768,
        0.0,
        2.066972494125366,
        0.0,
        2.039132833480835,
        2.0526764392852783,
        0.0,
        2.0946004390716553,
        2.0525288581848145,
        0.0,
        2.043501615524292
    ],
    "segment_lengths": [
        6.916844414238832,
        4.157666570740434,
        12.752722460478331,
        6.395658021415544,
        10.95908511925276,
        4.515782677531615,
        1.4574885653248904,
        5.530206172614838,
        8.140596708073357,
        4.027234045439208,
        11.521537909351824
    ],
    "fallback_count": 0,
    "energy_estimate": [
        10.175643521533427,
        4.157666570740434,
        26.221417021876864,
        6.395658021415544,
        19.206750297348542,
        6.2036517093567625,
        1.4574885653248904,
        8.559856819452992,
        19.14081488440251,
        4.027234045439208,
        11.776882069463905
    ],
    "path_smoothness": [
        6.517598214589191,
        0.0,
        26.937389122797065,
        0.0,
        16.49533035619156,
        3.375738063650295,
        0.0,
        6.059301293676311,
        22.0004363526583,
        0.0,
        0.5106883202241613
    ],
    "shortest_possible_path_length": 53.665028943002646,
    "total_ground_truth_path_length": 53.665028943002646,
    "mission_duration": 180.14868879318237
}